uniprot_id,sequence
1,GLWSKIKEVGKEAAKAAAKAAGKAALGAVSEAV
2,YVPLPNVPQPGRRPFPTFPGQGPFNPKIKWPQGY
8,RLCRIVVIRVCR
13,GLFDIIKKIAESF
24,GVSGHGQHGVHG
26,FKCRRWQWRMKKLGAPSITCVRRAF
27,RRWWRF
30,QRFSQPTFKLPQGRLTLSRKF
34,WNPFKELERAGQRVRDAVISAAAVATVGQAAAIARG
35,KSSAYSLQMGATAIKQVKKLFKKWGW
37,VRNHVTCRINRGFCVPIRCPGRTRQIGTCFGPRIKCCRSW
1327,LFGLIPSLIGGLVSAFK
1328,GFIFHIIKGLFHAGKMIHGLV
1339,FLSFPTTKTYFPHFDLSHGSAQVKGHGAK
1342,SVAGRAQGM
1344,TCSYTMEA
1350,FLSLLPSIVSGAVSLAKKL
1351,GLWSTIKNVGKEAAIAAGKAALGALGEQ
1352,GLWSTIKNVGKEAAIAAGKAVLGSLGEQ
5033,RGGRLCYTRRRFTVCVGR
5034,RGGRLAYARPRFAVAVGR
5035,GFSISLKRLQKML
5036,WPPFPIGCGNCAATFCPYVPPSSCPGGKTTRDKCGCCTVCKKDRWGG
5037,GGHGGHGGHGGHGGHGGHGHGGGGHG
5038,GYGGHGGHGGHGGHGGHGGH
5040,GGHGGHGGHGGHGGH
5041,GGHGGHGGHGGH
5042,GGHGGHGGHGGHGGHGHGGGGHG
5043,GLRKRLRKFRNKIKEKLKKIGQKIQGFVPKLA
5044,GFGCNGPWSADDLRCHRHCKSIKGYRGGYCAKGGFVCKCY
5045,GFGCNGPWSEDDLRCHRHCKSIKGIRGGYCAKGGFVCKCY
5046,GFGCNGPWSQDDLRCHRHCKSIKGYRGGYCAKGGFVCKCY
5047,GFGCNGPWSEDDLRCHRHCKSIKGYRGGYCAKGGFVCKCI
5048,GFGCNGPWAEDDLRCHRHCKSIKGYRGGYCAKGGFVCKCY
5049,GFGCNGPWSEDDLRCHRHCKAIKGYRGGYCAKGGFVCKCY
5050,GFPCGESCVYIPCFTAAIGCSCKSKVCYKN
5055,GSGSGSGSKKRLKKIFKKPMVIGVTIPF
5065,KAKKFGKAFVKI
5066,AKKFGKAFVKIL
5067,KKFGKAFVKILK
5069,GRMQEFIKKLKAYLRKMKEKFSQIS
5073,FHEAIAPVVHAAVKALGVFLG
5074,GLFVGLAKVAAHVVAAIAEHF
5100,YRAGLLRIARIRRRL
5101,YRALLLRIARIRRRL
5102,LVSQPSRAVYIFAKK
5103,SRAVYIFAKKNGIPL
5104,LFEGRPRLAAWRGRV
5137,KKKFPWWWPFKKK
5138,RRWPWWPWRR
5139,FKCRRWQWRMKKLG
5140,WKLLSKAQEKFGKNKSR
5141,SVDGKEDLIWKLLSKAQEKFGKNKSR
5146,WNLLRQAQEKFGKDKSPK
5148,DAIWNLLRQAQEKFGKNKSPK
5150,RRFPWWWPFLRR
5151,RFPWWWPFLRR
5152,FPWWWPFLRR
5153,PWWWPFLRR
5154,WWWPFLRR
5156,WWWPFRR
5157,RRFPWWW
5158,RRFPWWWPF
5162,VRRFPSWWPFLRR
5163,VRRFPWSWPFLRR
5164,VRRFPWWSPFLRR
5166,RAKWFW
5170,RKKWFA
5172,RRKKWFW
5173,KRKKWFW
5175,FRKKWFW
5177,YRKKWFW
5179,TRKKWFW
5182,VPIIYCNRRTKKCKRF
5184,FLKGLMGVIASLF
5185,FLKKLMGVIASLF
5186,FLKGLMGVIASLFK
5188,MDVFMKGLSKAKEGVVAAAEKTKQGVAEAAGKTKEGVLYVGSKTKEGVVHGVATVAEKTKEQVTNVGGAVVTGVTAVAQKTVEGAGSIAAATGFV
5189,GSGPTYSWNEANNPGGPNRCSNNKQCDGARTCSSSGFCQGTSRKPDPG
5190,GSGPTYSWNEANNPGGPNRCSNNKQCDGARTCSSSGFCQG
5191,PKGPTYSWDEAKNPGGPNRCSNSKQCDGARTCSSSGFCQGTAGHAAA
5192,FFRKSKEKIGKEFKRIVQRI
5194,FLFSLIKKAIGGLISAFK
5195,FLFSLIRKAIGGLWSAFK
5197,DVSWSTNAGRGQVFGTLGSTDDSLFGRGGYKQDIFNDHRGHLQGQAYGSRVLGAYGDTTSLGGKLDWNNDNAKASLD
5198,CTTNTFSLSDYWGNKGGWCTVSKECMAWC
5199,RKIIRRIIPIIRRIIKR
5200,RRWWPWWRR
5201,IRIIRRRRRIIRI
5202,RRIIRIHIRIIRR
5203,IRIIRRHRRIIRI
5205,KFRRQRPRLSHKGPMPF
5206,QRPRLSHKGPMPF
5207,RPRLSHKGPMPF
5208,RRHRLIIRRRMRNSFWSSRACLAW
5209,RRWFKIRMAAKLA
5210,AIPKRLRRFYLRALARRL
5211,KWRKVRAKFWRKWLAGLINT
5212,KWKKWVRAIKKLV
5213,VKRFRRWWKPWRKILHLV
5214,SKLWKKIVKALKAALKTL
5215,RVLWIKRWIKRFFRP
5216,IRFYWRRVQVWRGIWRRLVR
5217,RKKWWAYLLAKIAKKVK
5218,LWRFKRWWWWKKIL
5219,GIKKFAKLLKYIAGKL
5220,RRWGKLIKKIAKKFGG
5221,YKWVANVAKKLIKLLKVLK
5222,AKKFKIWGAIKRLLA
5223,KWKWPPRWPPWRPVWKVI
5224,LFKVIFGIVKKKKLLPKFF
5225,AVWRWLWKGSLAKGIIKFLK
5226,WLLVLQRGHRLASIKHVCQLSERKR
5227,GLQKLINKIKSQMSRFSTKTNKICGP
5228,FWNLNKKKKFFYKTVKNSIGQVILRDMSNN
5229,WIIQCWWRQVLEKLLAKRRR
5230,ILDKVRLWLARIRLNLLKR
5231,RSIIRNGIRTLTWRKETKRKKK
5232,VLKKSEIRIDFISRTILHI
5233,LYVFCCRTRAKTPSVIYTINLVVTDLLVGLSLPTR
5234,GRGRPKGRGRGRPRGRPRGSKR
5235,GWGSFFRRAAHVGRHVGRAALTHYL
5236,GWGSFFKKAAHAGKHAGKAALTHYL
5238,RLRDLIRRGRQKIGRRINRLGRRIQDILKNLQPGKVS
5239,KRFGRLRDLIRRGRQKIGRRINRLGRRIQDILKNLQPGKVS
5243,RRRRRRR
5244,LKKFFKKVKGWVGGVWGKVKS
5245,FKKFFKKVKGWVGGVWGKVKS
5246,FKKFLKKFKGWLGGLWGK
5247,GVKKKWKKKLGLTLWLKISGVV
5248,FFDEKCNKLKGTCKNNCGKNEELIALCQKFLKCCRTIQPCGSIID
5249,DDNPNENDNPDSKPDDSSKNPEPGFPKFLSILGSEIIENAVDFILRSMSRGSSFMELEGDPGQQPSKVT
5250,GGGVITTFTHECYYNSVSPASWGGCCK
5251,GGGVINTFTHECYYNSVSPASWGGCCK
5252,GNGVITTFTHECYYNSVSPASWGGCCK
5253,LIVAASLVYDFYTWIAKKVALLRIAKKVLYLARNA
5254,INLKWLAALAKKIL
5255,INLKALWALAKKIL
5256,INLKALAWLAKKIL
5257,INLKALAALWKKIL
5258,INLKALWWLAKKIL
5259,INLKALWALWKKIL
5260,INLKALAWLWKKIL
5261,INLKALWWLWKKIL
5262,INLKWLWWLWKKIL
5263,INLKKLWALAKKIL
5264,INLKALWALALKIL
5265,INLKALWKLAKAIL
5266,INLKKLWALWKKIL
5267,INLKALWALWLKIL
5268,INLKALWKLWKAIL
5269,MGRFKRFRKKFKKLFKKLS
5270,ATCDLLSGFGVGDSACAVHCLAKKFKGGWCEKGVCHCRH
5271,VTCDVLSFEAKGVKLNHAACAAHCLAMGKRGGRCNNGVCVCRR
5272,VTCDLLSFKGFKLNHSACAAHCLALGKRGGYCNNKKVCVCRR
5273,FTCDLLSFEAKGSVSLNHSACALHCIALRKKGGSCNNKAVCICRR
5274,RTCEHLADTYRGPCFTNASCDDHCKNKAHLISGTCHNFQCFCTQNC
5275,YLKCKTVHDCPKSQVVYRCVGNYCRAVKIRRWNLG
5276,YLKCKTVHDCPK
5277,SQVVYRCVGNYCRAVKIRRWNLG
5278,YLKSKTVHDSPKSQVVYRSVGNYCRAVKIRRWNLG
5279,MCEFGMIRRCISYKCQCHEAY
5280,MCEFGMIRRC
5281,ISYKCQCHEAY
5282,MSEFGMIRRSISYKSQSHEAY
5283,SIGGALLSAGKSALKGLAKGLAEHFAN
5287,ILGPVLKLVGSALGGLLKKI
5288,ILGPVLGRVGSALGGLLKKI
5289,ILGPVLGKVGSALGGLLKKI
5290,ILGPVLGRVGSALGRLLKKI
5291,ILGPVLGLKKSALGGLLKKI
5293,RARRPRPPKPRPPHRPRPRPRPWFPPRFP
5294,RDRRRRPPRPRPPHRPRPRPLPWFPPRFP
5295,RIKIPRPPKPRRPHRPRPGRRRPWFPPRFP
5296,LLGMIPWAIKAISALSKL
5298,GRIRPRPPRLPRPRPR
5299,RGIRPRPPRLPRPRPR
5300,RRGRPRPPRLPRPRPR
5301,RRIGPRPPRLPRPRPR
5302,RRIRGRPPRLPRPRPR
5303,RRIRPGPPRLPRPRPR
5304,RRIRPRGPRLPRPRPR
5305,RRIRPRPGRLPRPRPR
5306,RRIRPRPPGLPRPRPR
5307,RRIRPRPPRGPRPRPR
5308,RRIRPRPPRLGRPRPR
5309,RRIRPRPPRLPGPRPR
5310,RRIRPRPPRLPRGRPR
5311,RRIRPRPPRLPRPGPR
5312,RRIRPRPPRLPRPRGR
5313,RRIRPRPPRLPRPRPG
5314,RRIRPRPPRLPRPRPA
5315,RRIRPRPPRLPRPRAR
5316,RRIRPRPPRLPRPAPR
5317,RRIRPRPPRLPRARPR
5318,RRIRPRPPRLPAPRPR
5319,RRIRPRPPRLARPRPR
5320,RRIRPRPPRAPRPRPR
5321,RRIRPRPPALPRPRPR
5322,RRIRPRPARLPRPRPR
5323,RRIRPRAPRLPRPRPR
5324,RRIRPAPPRLPRPRPR
5325,RRIRARPPRLPRPRPR
5326,RRIAPRPPRLPRPRPR
5327,RRARPRPPRLPRPRPR
5328,RAIRPRPPRLPRPRPR
5329,ARIRPRPPRLPRPRPR
5330,SRIRPRPPRLPRPRPR
5331,RSIRPRPPRLPRPRPR
5332,RRSRPRPPRLPRPRPR
5333,RRISPRPPRLPRPRPR
5334,RRIRSRPPRLPRPRPR
5335,RRIRPSPPRLPRPRPR
5336,RRIRPRSPRLPRPRPR
5337,RRIRPRPSRLPRPRPR
5338,RRIRPRPPSLPRPRPR
5339,RRIRPRPPRSPRPRPR
5340,RRIRPRPPRLSRPRPR
5341,RRIRPRPPRLPSPRPR
5342,RRIRPRPPRLPRSRPR
5343,RRIRPRPPRLPRPSPR
5344,RRIRPRPPRLPRPRSR
5345,RRIRPRPPRLPRPRPS
5346,FRIRPRPPRLPRPRPR
5347,RFIRPRPPRLPRPRPR
5348,RRFRPRPPRLPRPRPR
5349,RRIFPRPPRLPRPRPR
5350,RRIRFRPPRLPRPRPR
5351,RRIRPFPPRLPRPRPR
5352,RRIRPRFPRLPRPRPR
5353,RRIRPRPFRLPRPRPR
5354,RRIRPRPPFLPRPRPR
5355,RRIRPRPPRFPRPRPR
5356,RRIRPRPPRLFRPRPR
5357,RRIRPRPPRLPFPRPR
5358,RRIRPRPPRLPRFRPR
5359,RRIRPRPPRLPRPFPR
5360,RRIRPRPPRLPRPRFR
5361,RRIRPRPPRLPRPRPF
5362,KNRLNFLKKISQRYQKFALPQYLKTVYQHQKAMKPWIQPKTKVIPYVRYL
5364,RWIRPRPPRLPRPRPR
5365,RRWRPRPPRLPRPRPR
5366,RRIWPRPPRLPRPRPR
5367,RRIRWRPPRLPRPRPR
5368,RRIRPWPPRLPRPRPR
5369,RRIRPRWPRLPRPRPR
5370,RRIRPRPWRLPRPRPR
5371,RRIRPRPPWLPRPRPR
5372,RRIRPRPPRWPRPRPR
5373,RRIRPRPPRLWRPRPR
5374,RRIRPRPPRLPWPRPR
5375,RRIRPRPPRLPRWRPR
5376,RRIRPRPPRLPRPWPR
5378,RRIRPRPPRLPRPRPW
5379,ERIRPRPPRLPRPRPR
5380,REIRPRPPRLPRPRPR
5381,RRERPRPPRLPRPRPR
5382,RRIRERPPRLPRPRPR
5383,RRIRPREPRLPRPRPR
5384,RRIRPRPERLPRPRPR
5385,RRIRPRPPRLERPRPR
5386,RRIRPRPPRLPRERPR
5387,RRIRPRPPRLPRPEPR
5388,RRIRPRPPRLPRPRER
5389,RRIRPRPPRLPRPRPE
5391,RRIRRRPPRLPRPRPR
5393,RRIRPRPRRLPRPRPR
5394,RRIRPRPPRRPRPRPR
5395,RRIRPRPPRLRRPRPR
5396,RRIRPRPPRLPRRRPR
5397,RRIRPRPPRLPRPRRR
5398,PRIRPRPPRLPRPRPR
5399,RPIRPRPPRLPRPRPR
5400,RRPRPRPPRLPRPRPR
5401,RRIPPRPPRLPRPRPR
5402,RRIRPPPPRLPRPRPR
5403,RRIRPRPPPLPRPRPR
5404,RRIRPRPPRPPRPRPR
5405,RRIRPRPPRLPPPRPR
5406,RRIRPRPPRLPRPPPR
5407,RRIRPRPPRLPRPRPP
5409,RRLWRRWMRKVL
5410,KKAGKPHKR
5411,KKKGKPFKR
5412,LVSVWIISAALSLKNKVAYRNAKLVSKLFRIAL
5415,KNLRIIRKGIHIIKKY
5418,HKHGHGHGKHKNKGKKN
5419,HKHGHGHGKHKNKGKKNL
5420,HKHGHGHGKHKNKGKKNLL
5421,HKHGHGHGKHKNKGKKNLLL
5422,HKHGHGHGKHKNKGKKNWWW
5423,HKHGHGHGKHKNKGKKNFFF
5424,GKHKNKGKKNGKHNGWK
5425,GKHKNKGKKNGKHNGWKL
5426,GKHKNKGKKNGKHNGWKLL
5427,GKHKNKGKKNGKHNGWKLLL
5429,GKHKNKGKKNGKHNGWKFFF
5430,LHKHGHGHGKHKNKGKKN
5431,LLHKHGHGHGKHKNKGKKN
5432,LLLHKHGHGHGKHKNKGKKN
5433,AAAHKHGHGHGKHKNKGKKN
5434,IIIHKHGHGHGKHKNKGKKN
5435,VVVHKHGHGHGKHKNKGKKN
5436,PPPHKHGHGHGKHKNKGKKN
5437,YYYHKHGHGHGKHKNKGKKN
5438,FFFHKHGHGHGKHKNKGKKN
5439,WWWHKHGHGHGKHKNKGKKN
5440,FFHKHGHGHGKHKNKGKKN
5441,WWHKHGHGHGKHKNKGKKN
5442,FHKHGHGHGKHKNKGKKN
5443,WHKHGHGHGKHKNKGKKN
5444,LLLNKKGKNKHKGHGHGHKH
5445,WWWWHKHGHGHGKHKNKGKK
5446,FFFFHKHGHGHGKHKNKGKK
5447,LLLLHKHGHGHGKHKNKGKK
5448,IIIIHKHGHGHGKHKNKGKK
5449,LGKHKNKGKKNGKHNGWK
5450,LLGKHKNKGKKNGKHNGWK
5451,LLLGKHKNKGKKNGKHNGWK
5452,AAAGKHKNKGKKNGKHNGWK
5453,IIIGKHKNKGKKNGKHNGWK
5454,FFFGKHKNKGKKNGKHNGWK
5455,WWWGKHKNKGKKNGKHNGWK
5456,RWR
5457,WNDTGKDADGSEA
5458,SLLDHKITERSLRCAGYGGRCNPWRYPRCCWPLKCTRLRCYRGFRNG
5459,RWHLTHRPKTGYIRVLVH
5460,RFYLSKKKWVMVP
5461,FRFKRKLPKYLLF
5462,GWKDKKSYRWFLQHRPQVGYIRVRFY
5463,HNLFRKLTHRLFRRNFGYTLRSV
5464,HNLFRKLTHRLFRRNFGYTL
5465,LANVLFRRNATTILQ
5466,RRLRPRRPRLPRPRPRPLPFPR
5467,RRLRPRRPRLPRPRPRPLPRPR
5468,RRLRPRRPRLPRPRPRPWPWPR
5469,RRRLRPRRPRLPRPRPRPRPRPR
5470,ARRLRPRRPRLPRPRPRPRPRPR
5471,ARLRPRRPRLPRPRPRPRPRPR
5472,RALRPRRPRLPRPRPRPRPRPR
5473,RRARPRRPRLPRPRPRPRPRPR
5474,RRLAPRRPRLPRPRPRPRPRPR
5475,RRLRARRPRLPRPRPRPRPRPR
5476,RRLRPARPRLPRPRPRPRPRPR
5477,RRLRPRAPRLPRPRPRPRPRPR
5478,RRLRPRRARLPRPRPRPRPRPR
5479,VDKRPRLPRPRPRPRPRPR
5480,RARRPRPPKPRPPRLPRPRPRPWFPPRFP
5481,RARRPRPPKPRPPARPRPRPRPWFPPRFP
5482,RARRPRPPKPRPPHRPRPRPRAWFPPRFP
5483,RARRPRPPKPRPPHRPRPRPRPAFPPRFP
5484,RARRPRPPKPRPPHRPRPRPRPAAPPRFP
5485,RARRPRPPKPRPPHRPRPRPRP
5486,PRPPKPRPPHRPRPRPRPWFPPRFP
5487,RPPKPRPPHRPRPRPRPWFPPRFP
5488,KPRPPHRPRPRPRPWFPPRFP
5489,KPRPPHRPRPRPRPAAPPRFP
5490,RPPHRPRPRPRPWFPPRFP
5491,PHRPRPRPRPWFPPRFP
5492,RPRPRPRPWFPPRFP
5493,CNCKAPETALCARRCQQH
5494,VPKVVYDGPIYELRQIEEENIEPDTELMDSNEPLLPLRHRRVTCDVLSWQSKWLSINHSACAIRCLAQRRKGGSCRNGVCICR
5495,RDKKTLKIKMKLFI
5496,KHYSCTRHGYCLACYKRWF
5497,DSHAKRHHGYKRKFHE
5498,GYKRKFHEKHHSHRGY
5499,KRKFHEKHHSHRGY
5500,VYWVADQFGIHLATGTLRKLIDAVGSGSSLAGAYAAIAGITIPAWAAAAIGAMGATAA
5501,RGGRLCYCPRRFCVCVGR
5502,RGGRLCYCRLRFCVCVGR
5503,RGGRLCYCRRPFCVCVGR
5504,RGGRLCYCPLRFCVCVGR
5505,RGGRLCYCRLPFCVCVGR
5506,RGGRLCYCARRFCVCVGR
5507,RGGRLCYCRRAFCVCVGR
5508,RGGRLCYCKRRFCVCVGR
5509,RGGRLCYCRRKFCVCVGR
5510,RGLCYCRGRFCVCVG
5511,RGLCYRGRFVCVG
5512,ARWVRRVLKKKMV
5513,ARWVRRVLKKVMK
5515,FWGALAKGALKLIPSLVSSFT
5516,ILGRIWKGIKDIL
5517,AKKWWKLLWKLWKKAK
5518,AWQAIARLIKGRGRKKYGRIIIIG
5521,RRIRFPFPPFPWQWPPAGF
5524,WRIRRRWPRLPRPRWRPLPFPR
5525,WRIRRRWPRLPRPRWRPLPFPRPGPRP
5526,WRIRRRWPRLPRPRWRPRFPPP
5527,WRIRRRWPRLPRPRWRPRFPPPFPIPR
5528,WRIRRRWPRLPRPRWRPWFPPR
5529,WRIRRRWPRLPRPRWRPWFPPRFPIPR
5530,FIGGLLKTLTSFF
5531,RCWKRWWRWWKRCWR
5536,LISWIKRKRQCGIGAVLKVLTTGL
5538,KWRLFKNIGAVLKVL
5539,KWKLFKHIGAVLKVL
5540,HWKLFKKIGAVLKVL
5542,KWKLGKKILAVLKVL
5543,KWKLGKKILRVLKVL
5544,GWKLGKKILRVLKVL
5545,KWKLGKKILNVLKVL
5546,GWRLGKKILRVLKVL
5547,GWKLGKKILNVLKVL
5548,LWKLFKKIRRVLRVL
5549,LWKLFKKINRVLKVL
5551,VWRLIKKILRVFKGL
5552,GFFKKLWKKIKKAVKKAI
5553,GLLGKILGAGKKVLLGVSGLL
5554,FIFHVIKGLFHAGKMIHGLVTRRRH
5555,FLKHIKSFWRGAKAIFRGARQGWREHR
5556,FLGTLLHGAVHVSKILHGIMGGDH
5558,AKRHHGYKRKFH
5559,KRHHGYKRKFH
5560,AKRHHGYKRKF
5570,WDSHAKRHHGYKRKFHEKHHSHRGY
5571,WAKRHHGYKRKFH
5572,WKRHHGYKR
5573,WKRHHGYK
5574,WKRHHGY
5575,QSHISLCRWCCNCCRGNKGCGLCCKF
5576,QGSPARCRFCCRCCRRMSGCGVCCRF
5577,SLVPPYPGRDCKHWCKDNNKALYCCGPPGITYPPLIREHPGKCPSVRSTCTGVRSFRPKLCPHDGACDFRSKCCYDACVEHHVCKTVEFY
5578,QEDTRFLGVSGGVAGGGFVPGVPGHGGIAPGFECNYCRTRYGYVCCKPGRCPPVRDTCPGIRNRPPICRQDTECFGSDKCCYDTCLNDTVCKPIVLGSEG
5579,SRSSRAGLQFPVGRIHRLLRK
5580,QGWEAVAAAVASKIVGLWRNETTELLGHECKFTVKPYIKRFQLNYKGGRLWCQAGRPSEEKPEHAVIPGWLDGRPKTSFGKLSRKVSSLNRRPTSGSA
5581,QGWEAVAAAVASKIVGLWRNETTELLGHECKFTVKPYIKRFQLNYKGRMWCPGWTAIRGEARTRSHSGVAGRTAQDFVRKAFQKGLISQQEANQ
5582,FLGTVLKLGKAIAKTVVAMLTNAMQPKQ
5583,MSGRGKTGGKVRAKAKSRSSRAGLQFPVGRVHRHLRKGNYADRVGAGAPVYL
5584,FLGTVLKLGKAIAKTVVKMLTNAMQPKQ
5585,RPEPKPEPLPEPILNVVTGLLGSILGGK
5586,KLLKIGLKSFARVLKKVL
5587,KLWNSKLARKIRTKGLKYVKNFAK
5588,LKLKSILGKLGVIL
5589,RRVKRFKKFFMKLKKSVKKRVMKFFK
5590,KRLKGFAKKLWNSKLARKIRTKGLKYVKNFAK
5591,GKWLISSLVAKHL
5592,KLKKLRKWIYRIV
5593,FLKKIWRSKLVKRL
5594,KRRRASPLWKRRRFLSMLKARAK
5595,LTKWLGKLGVIL
5596,RKFKWGKLFSTAKKLYKKGKKLSKNKNFKKALK
5597,KFLARLVFRKFILL
5598,KNKRFIRNLRSNLYQKIIKSTKSLL
5599,RKFKWGKLFSTAKKLYKKGKKLSK
5600,KWLGKLGVILSHL
5601,FIKKLWRSKLAKKLRAKGRELLK
5602,RRVKRFKKFFMKL
5603,VNSFKIGGFIKKLWRSKLAKKLRAK
5604,RFGSFLKKVWKSKLAKKL
5605,RRVKRFKKFFRKLKKSVKKRAKEFFK
5606,RHRIVRTYIAKFGLK
5607,LLHFSIWRSTVLRK
5608,RRVKRFKKFFKKL
5609,QPRRVKRFKKFFKKLKNSVKKRAKKF
5610,KRLRAKMLNSKFIKLIKR
5611,RRASPLWKRRRFLSMLKARAKRTGYK
5612,PLWKRRRFLSMLKARAKR
5613,KLHGLLTRRSLKNFWKRNLYLR
5614,KRGRASPLWQRRGFLSKLKARAKRNGAFHLPR
5615,RQEYPTKRLRAKMLNSKFIKLIKR
5616,KKWRELSRLSRVLQIL
5617,RKRRRFISMLKARAKRR
5618,KQKYLIKRSRAKMQNHKLFKLTKR
5619,NTCEHLADTYRGVCFTDASCDDHCKNKAHLISGTCHNFKCFCTQNC
5620,GSKKTKCPR
5621,RRIRGLRKFFRKSKEKLKKV
5622,GRRVKGFFRDVLRRVPYLPGPR
5623,GFGRIKADQLVGRLIP
5624,VIITVLLVRAVLATVRIERV
5625,RLMRIFRILKLAR
5626,RMMRIFWVIKLAR
5627,STTTQNTVAGLGEMGRKVMVVGCDPKADSTRLLLGGLAQKSVLDTLREEGEDVELDDIRKASFGGSWSVESGGPEPGVGCAGREGLDYALYDVLGDVVCGGFAMP
5628,PRKILLMVKA
5629,PRKILLMVK
5630,RKILLMVKA
5631,RKILLMVK
5632,KWAVKVRHFYGFYYVQIKQKTKT
5633,RTIGKWITAYTNYRIKHNMWG
5634,AKLKPKILIWLLKKLKRII
5635,KKHKFIKKLIAAVGS
5636,IDVRKLIGRVIVILIKKKFMINAIF
5637,LKMWKALQLIKTHHIQKLIHRL
5638,RRFSFWFSFRR
5639,RRISIWISIRR
5640,RRLCLWLCLRR
5641,RRLSLWLSLRR
5642,RRLALWLALRR
5643,RRFTFWFTFRR
5645,RRITIWITIRR
5646,RRLTLWLTLRR
5650,YYHFWHRGVTKRSLSPH
5651,YYHFWHRGVTKRSL
5653,KLVFFRRRRRRRRR
5654,FFVLKRRRRRRRRR
5655,FKLVFFRRRRRRRRR
5656,FFKLVFFRRRRRRRRR
5657,DAHGALTLNSDGTSGAVVKVPFAGNDKNIVSAIGSVDLTDRQKLGAATAGVALDNINGHGLSLTDTHIPGFGDKMTAAGKVNVFHNDNHDITAKAFATRNMPDIANVPNFNTVGGGIDYMFKDKIGASASAAHTDFINRNDYSLDGKLNLFKTPDTSIDFNAGFKKFDTPFMKSSWEPNFGFSLSKYF
5658,AVVKVPITGNENHKFSALGSVDLTNQMKLGAATAGLAYDNVNGHGATLTKTHIPGFGDKMTAAGKVNLFHNDNHDFSAKAFATKNMPNIPQVPNFNTVGAGVDYMFKDKIGASANAAHTDFINRNDYSLGGKLNLFKTPTTSLDFNAGWKKFDTPFFKSSWEPSTSFSFSKYF
5659,QAASSISVKSDGTSTFGAKIPIAGNDQAKLSAFASIAQPSGDITKGLSLDTARGHGLSIAHGTASFGEQLTGAGRLNILDSGNHKLDANAFITKNMPTKFPGVSDFNTVGGNLDYMFKDRIGASIGAARTPFLDRTDLNAMGKLNIFRNPTTFIDFNAGLQRTITPQFSQTQPFTGFSLTKFFKK
5661,LLKWLLK
5665,KKLLKWLLKLL
5669,QKGGFRAVNSNYVAKKPTASSNKAVPPKNIGAEADSSVRVSRGGGGYGGGGGCGICVCGGSYKGYSGSHGGGYGK
5670,QTCLNRPGQCPTFISPFSLPRTLCSTDCDCNLSHHKGTWRCCPTFVGDVCLPPCNPVCPLFSVCTLVSQVKPWKSYCVFAGPTKS
5672,FLGALFKVASKLVPAAICSFSKKC
Q13015,MRDPVSSQYSSFLFWRMPIPELDLSELEGLGLSDTATYKVKDSSVGKMIGQATAADQEKNPEGDGLLEYSTFNFWRAPIASIHSFELDLL
Q9M0N8,MDEEASRTARESLELVFRMSNILDTGLDRHTLSVLIALCDLGVNPEALATVVKELRRESIPDSVTTTPSIH
Q9NS26,MDKQSSAGGVKRSVPCDSNEANEMMPETPTGDSDPQPAPKKMKTSESSTILVVRYRRNFKRTSPEELLNDHARENRINPLQMEEEEFMEIMVEIPAK
Q73370,MEPVNPSLEPWKHPGSQPKTACTNCYCKKCCFHCQACFITKGLGISYGRKKRRQRRRPPQDSQTHQVSLSKPSSQPRGDPTGPKEQKKKVERETETDPVH
P80236,AKWYPEVRHHCPNTPIILVGTKLDLRDDKDTIEKLKEKKLTPITYPQGLAMAKEIGAVKYLECSALTQRTVFDEAIR
Q6P026,MSSTSQKHKDFVAEPMGEKSVMALAGIGEVLGKRLEEKGFDKAYVVLGQFLVLRKDEELFREWLKDTCGANTKQQGDCYSCLREWCDSFL
Q3E7Y6,MIPALTPEERQKLRSAILHRMQLELETTEKLIENIKEETLKKLNLLQQPDATSAPQSKELIREVLEQEGRRIE
O94111,MASEKKDKLEPQIKSVDMSEDMQQEAVEVAIEAMEKYHIEKDIAQYIKREFDSRKGATWHCVVGRNFGSFVTHETKHFIYFYLGHCAILLFKTQ
P55739,KASYIHLRGSDLRPQFHQFTAVPHPNVKPMAYANALLQLGVM
P83722,PVNIYVIMADQGPAHLPVSLAVHTDMLEYVPVSKDEYFQKLKKA
P04615,MNERADEEGLQRKLRLIRLLHQTNPYPQGPGTASQRRNRRRRWKQRWRQILALADSIYTFPDPPADSPLDQTIQHLQGLTIQELPDPPTHLPESQRLAET
P05868,PYPPPEGTRQARKNRRRRWRARQRQIHSLGERILTTCLGRPTEPVPFLLPPIERLRIDCSEDRGDSDPQGVGDSQIPGKSCDLLGSGTKE
P0C5B7,LQEALKDFEKRTGETMIQWSQFKGPPNPNVEYIPFDEMKNVMVVMNGVMFPINGPGTPRPLNRPNLQQNEEKNHHPDE
P30370,MPNFSGNWKMKSSENFEELLKALGVNMMLRKIAVAAA
P26148,CFLWHVRKRVADQELGDAPFLDRLRRDQKSLRGRGSTLGLDIKTATRAGKQIVERILKEESDEALKMTMASVPASRYLTDMTLEEMSRDW
Q79668,MEQALENQGPAREPFNEWTLELLEELKEEAVRHFPRPWLQACGQYIYETYGDTWEGVMAIIRILQQLLFTHYRIGCQHSRIGILPSNTRGRGRRNGSSRS
Q9QUK5,SSSSSSASRALPAQDPPMEKALSMFSEDFGSFMLPHSEPLTFPARPGGQGNIKTLGDAYEFTVDMRDFSPEDIIVTTSNNHIEVRAEKKP
Q66013,MEDIIVLFNRVTEKLEKELAIRIFVLAHQLERDKAIRLLQGLFWRYRFKKPRVDYCLCWWCCKFYYWQLQSTLSITTA
P36339,MSTGNVDQELIRRYLVVVKKLYEEPIPQTARQRRRRKQQLRTRRAQLRELEGRILKQILDRGPDQLCQGVANLALAEKSESSN
Q26287,EGSGGSGSSGNFTTASNIHMSSVTNTSIAGTGGTGTGTGTGTGTGTGTGTGTGTGTGTGTGNGSASSNYRGGGVAIQPVTLTESLLNK
P37188,MKRKIIVACGGAVATSTMAAEEIKELCQNHNIPVELIQCRVNEIETYMDGVHLICTTAKVDRSFGDIPLVHGMPFISGIGIEALQNKILTILQG
P58035,MKKILVACGTGMSTSTMIAHKLQEFLTEQGISATTAQCCLNEIPLNCNGMDLIVTSMRTNSDYGIPTLNGAALLTGINDDALKQQIKALLTQ
Q7LZF5,VVGGDECNINEHRSLVAIFVSTEFDCGGDLINVEWVLTAAHCTLCAGIPEGGLDTCGGDSGGPLICDGKPDGITS
C0HK19,WDKDIMLIRLNKPVSYSEHIAPLSLPSSPPIVGSVCRPHCANINLLDYEVCRTAHPQFRLPATSRILCAGVLEGGIDTCHR
Q47907,MKFYLVGGAVRDMLLGITPKDKDWVVVGATEDEMLANGFIKIAANFPVFIHPQTKQEYALARSEKKTRNGYHGFEVNFSKYITL
Q9S2H6,MASKAEKIVAGLGGIDNIDEIEGCITRLRTEVNDPALVNEAALKAAGAHGVVKMGTAIQVVIGTDADPIAAEIEDMM
Q9EXD8,MENKNLHIIAACGNGMGTSMLIKIKVEKIMKELGYTAKVEALSMGQTKGMEHSADIIISSIHLTSEFNPNAKAKIVGVLNLMDENEIKQALSKVL
P0A0E0,MSELFSNDNIFLNVNVNSQNEAIEKAGKALVDSGAVTDAYIQVVSTFMGNGLAIPHGTDD
Q45399,MNILLICAAGMSTSLLVTKMKEAAKQKGIEANIWAVSADEAKSHLDQADVVLIGPQIRYKLAAFKKEGEARGIPVDVINPADYGRVNGAGVLDFALRLKK
Q8IWF7,MALKLIHKEFLELARDPQPHCSAGPVWDDMLHWQATITRPNDSSYLGGVFFLKFPSDYLFKPPKIKFTNGIYHQR
Q99039,MEKKLEEVKQLLFRLELDIKETTDSLRNINKSIDQLDKYNYAMKIS
O32292,MVTPTKHAIGLRSASGVELLAHIGLDTVTFDGTPFSLKVKEGDTVKKGEVLVEFDKAFIEDIEESALHQKIFTVVS
P33670,MIRLETILTPGRSLVNVPGGSKKRALEKVATVIADQVPELEMQDVFEKLVAREKLGSTGFGNGIAIPHCRLEGSSAPVSALLHLEAPID
P84548,FQPIKESIVSRLFNAVAAEDLIVKGGREIVPGMIVTGMEVAEIDGAPR
O51340,MADLEKINKIKVAEHIVECFGGIKNIKNIDKDLTRIKILVDSNSLVKRDDLTKNDNIIGTIKSNELTEVVINFEIIEDVYNKILYMMNEQKQ
Q04938,MNHKQVAERILNAVGRDNIQGARHCATRLRLVLKDTGVID
P0AAM3,MCIGVPGQIRTIDGNQAKVDVCGIQRDVDLTLVGSCDENGQPRVGQWVLVHVGFAMSVINEAEARDTLDALQNMFDVEPDVGALLYGEEK
Q12287,MTETDKKQEQENHAECEDKPKPCCVCKPEKEERDTCILFNGQDSEKCKEFIEKYKECMKGYGFEVPSAN
P38636,MAEIKHYQFNVVMTCSGCSGAVNKVLTKLEPDVSKIDISLEKQLVDVYTTLPYDFILEKIKKTGKEVRSGKQL
P0A9I5,MHTNWQVCSLVVQAKSERISDISTQLNAFPGCEVAVSDAPSGQLIVVVEAEDSETLIQTIESVRNVEGVLAVSLVYHQQEEQGEETP
Q94BT9,MSQTVVLRVAMTCEGCVGAVKRVLGKMEGVESFDVDIKEQKVTVKGNVQPDAVLQTVTKTGKKTAFWEAEGETAKA
Q54BX3,MTILSTFTSFSNPPKLNKSSFSSSTGSSLSMGSNSFAWGGGWGGFGGPKGGSFNVDIAGNLIWGVYGFIRGGVGLVKWRGLQKGCKQP
Q9I317,MMTALETRLSVADGTHAAALRQRLQAALAECRRELARGACPEHFQFLQQQARALEGGLGILSQLTED
O13916,MLRRNPTAIQITAEDVLAYDEEKLRQTLDSESTTEEALQKNEESTRLSPEKKKIIRERRIGITQIFDSSMHPSQGGAAQS
Q9LJQ9,MTDQPAQNGLIPPPTSEPSKAAASAETKPKKRICCACPDTKKLRDECIVEHGESACTKWIEAHKICLRAEGFNV
O32221,MEQKTLQVEGMSCQHCVKAVETSVGELDGVSAVHVNLEAGKVDVSFDADKVSVKDIADAIEDQGYDVAK
Q9P7Z7,MSSSTEPSTATKVSEPAPIASEEKPKPCCACPETKQARDACMLQSSNGPIECAKLIEAHKKCMAQYGYEV
Q47840,MKQEFSVKGMSCNHCVARIEEAVGRISGVKKVKVQLKKEKAVVKFDEANVQATEICQAINELGYQAEVI
Q9XT28,MPKHEFSVDMTCEGCSNAVTRVLNKLGGVQFDIDLPNKKVCINSEHSVDTLLETLGKTGKAVSYLGPK
Q01246,MTQLEEQLHNVETVRSITMQLEMALAKLKKDMMRGGDAKQYQVWQSESKAIESAIAIIHYVAGGLK
P44651,MNNTNLILENARDWHVVGLIVQGNPKKLSAIQTALLAIEHTEIPTLDEKLGKFVVVMQSNDQHLLLEKMESVKDIDGVINVSLVYHEQDEQNK
O21880,MAKQLSTARKFKMITGKDLFQQQKAMDTELKKEDGEITDLMEFVQYGLYLALFQDNIVKAKSDFSDFRSSFEFDTDGKGLKELVELWQKEI
P96457,YHLGGPPVTLKLPPGTPAGRTMRARGKGAVRKDGTRGDLLVTVDVAVPQHLSSEAREALEAYRKATADEDPRAELFKAAKGA
O64313,MNKENVITLDNPVKRGEQVIEQVTLMKPSAGTLRGVSLAAVANSEVDALIKVLPRMTAPMLTEQEVAALELPDLVALAGKVVGFLSPNSVQ
P30273,MIPAVVLLLLLLVEQAAALGEPQLCYILDAILFLYGIVLTLLYCRLKIQVRKAAITSYEKSDGVYTGLSTRNQETYETLKHEKPPQ
B0L3A2,MTMFKGSNEMKSRWNWGSITCIICFTCVGSQLSMSSSKASNFSGPLQLYQRELEIFIVLTDVPNYRLIKENSHLHTTIVDQGRTV
Q96B49,MASSTVPVSAAGSANETPEIPDNVGDWLRGVYRFATDRNDFRRNLILNLGLFAAGVWLARNLSDIDLMAPQPGV
P0DMC2,MRFFHPLYLLLLLLTVLVLISADKHGTKHDFLNLRRKYRRHNCPKKRCLPLHSRVPFP
P80967,MFGLPQQEVSEEEKRAHQEQTEKTLKQAAYVAAFLWVSPMIWHLVKKQWK
P53507,MSFLPSFILSDESKERISKILTLTHNVAHYGWIPFVLYLGWAHTSNRPNFLNLLSPLPSV
P33448,MDGMFAMPGAAAGAASPQQPKSRFQAFKESPLYTIALNGAFFVAGVAFIQSPLMDMLAPQL
C0HLG4,MKYFTLALTLLFLLLINPCKDMNFAWAESSEKVERASPQQAKYCYEQCNVNKVPFDQCYQMCSPLERS
P97266,YTKMKTATNIYIFNLALADALATSTLPFQSVNYLMGTWPFGTILCKIVISIDYYNMFTSIFTLCTMSVDRYIAVCHPVKALDFRTPRNAKTVNVCNWI
Q8N4H5,MFRIEGLAPKLDPEEMKRKMREDVISSIRNFLIYVALLRVTPFILKKLDSI
P15133,MIPRVLILLTLVALFCACSTLAAVAHIEVDCIPPFTVYLLYGFVTLILICSLVTVVIAFIQFIDWVCVRIAYLRHHPQYRDRTIADLLRIL
Q9FNC9,MAAKRIGAGKSGGGDPNILARISNSEIVSQGRRAAGDAVEVSKKLLRSTGKAAWIAGTTFLILVVPLIIEMDREAQINEIELQQASLLGAPPSPMQRGL
Q3ECI7,MAAKSTLKIKGKAKPSKGSSSSSSSSASSKYKVFKDWTNWSLQKAKVATHYGFIPLIIIIGMNSDPKPHLFHLLSPV
Q9XIA7,MFPGMFMRKPDKAEALKQLRTHVALFGSWVVIIRAAPYVLSYFSDSKDELKIDF
Q9SD80,MVNNVVSIEKMKALWHSEVHDEQKWAVNMKLLRALGMFAGGVVLMRSYGDLMGV
Q28550,GVWLAVLAFALLPVLGVGQYTIQWPGTWCFISTGPGGNGTNSRQNWGNVFFASDFAILGLSALVVTFACNLATIKALVSRCRAKATASQ
P54251,AIFKSYCEIIVTHFPFDEQNCSMKLGTWTYDSSVVVINPESDQPDLSNFMESGEWVIKEARGWKHNVTYACCLTTHYLDITYHF
P97267,CNQSTLQMLLEIFVWIGYVSSGVNPLVYTLFNKTFRDAFGRYITCNYKATKSVKTVRKCSNKIYFRNPMTENSKFFMKHGMRNGINSTMYQSPVRL
Q9PUA8,IDKITRNQCQLCRFKKCIAVGMAMDLVLDDSKRVAKRKLIEENRERRRKEEMIKTMQQRPEPNSEEWELIR
Q29005,VLCPAWLFLDVLFSTASIMHLCAISVDRYIAIKKPIQANQYNSRATAFIKITVVWLISIG
Q28468,PFGAEMCKLVPFIQKASVGITVLSLCALSIDRYRAVASWSRIKGIGIPKWTAVEIVLIWVVSVVLAVPEAIGFDMITMDYKGSYLRICLLHPVQKTAFM
O70430,ISALVSFLPILMHWWRAENDEARRCYNDPKCCDFVTNRAYAIASSVVSFYVPLCIMAFVYLRVFREAQKQVKK
O42999,MQISEESKERLVKVFNIGKTVTHYGWIPLILWLGYTQSNPKPQLMRVINPLA
P34660,MKLSPATKSFIGKTVDISTFAIQWGFVPFVVYLGFKKGAEPMPNGQILPLSAMSLLWG
Q8SPZ1,VAFATSFTVCWTPYYVLGIWYWFDPEMLNRVSDPVNHFFFLFAFLNPCFDPLIYGYFSL
Q26420,KLWRMTGTWLGGFCHSIIQIPVIIQLPFCGPNVIDHYFRDLQPLFKLACTDTFMEGVIVLAFSGLFSVFSFLILVSSYIVILVNLRN
G2TRP7,MFSGAGRPSKEQIKQYDNLAVGEMKKGASVAAVLLLTPFVISFFQKMRA
Q26421,CSSTEANELVMSVIVGTVVIVSSLIILISYALILFNILHMSSAEGWFKAIGTCGSHIIIVGLFYEFGLITHVKLSSDWYMGQGKL
A2JGV3,MQMFPPSPLFFFLQLLKQSSRRLEHTFVFLRNFSLMLLRYIGKKRRATRFWDPRRGTP
A1L190,MDDADPEERNYDNMLKMLSDLNKDLEKLLEEMEKISVQATWMAYDMVVMRTNPTLAESMRRLEDAFVNCKEEMEKNWQELLHETKQRL
C9JLW8,MTSSPVSRVVYNGKRTSSPRSPPSSSEIFTPAHEENVRFIYEAWQGVERDLRGQVPGGERGLVEEYVEKVPNPSLKTFKPIDLSDLKRRSTQDAKKS
E0CX11,MLQFLLGFTLGNVVGMYLAQNYDIPNLAKKLEEIKKDLDAKKKPPSA
O00453,MLSRNDDICIYGGLGLGGLLLLAVVLLSACLCWLHRRVKRLERSWAQGSSEQELHYASLQRLPVPSSEGPDLRGRDKRGTKEDPRADYACIAENKPT
O14949,MGREFGNLTRMRHVISYSLSPFEQRAYPHVFTKGIPNVLRRIRESFFRVVPQFVVFYLIYTWGTEEFERSKRKNPAAYENDK
O75438,MVNLLQIVRDHWVHVLVPMGFVIGCYLDRKSDERLTAFRNKSMLFKRELQPSEEVTWK
P04080,MMCGAPSATQPATAETQHIADQVRSQLEEKENKKFPVFKAVSFKSQVVAGTNYFIKVHVGDEDFVHLRVFQSLPHENKPLTLSNYQTNKAKHDELTYF
P06028,MYGKIIFVLLLSEIVSISALSTTEVAMHTSTSSSVTKSYISSQTNGETGQLVHRFTVPAPVVIILIILCVMAGIIGTILLISYSIRRLIKA
P0DPQ6,MLKMSGWQRQSQNQSWNLRRECSRRKCIFIHHHT
P10176,MSVLTPLLLRGLTGSARRLPVPRAKIHSLPPEGKLGIMELAVGLTSCFVTFLLPAGWILSHLETYRRPE
P29034,MMCSSLEQALAVLVTTFHKYSCQEGDKFKLSKGEMKELLHKELPSFVGEKVDEEGLKKLMGSLDENSDQQVDFQEYAVFLALITVMCNDFFQGCPDRP
P49458,MPQYQTWEEFSRAAEKLYLADPMKARVVLKYRHSDGNLCVKVTDDLVCLVYKTDQAQDVKKIEKFHSQLMRLMVAKEARNVTMETE
P57730,MADQLLRKKRRIFIHSVGAGTINALLDCLLEDEVISQEDMNKVRDENDTVMDKARVLIDLVTGKGPKSCCKFIKHLCEEDPQLASKMGLH
P61927,MTKGTSSFGKRRNKTHTLCRRCGSKAYHLQKSTCGKCGYPAKRKRKYNWSAKAKRRNTTGTGRMRHLKIVYRRFRHGFREGTTPKPKRAAVAASSSS
P62952,MYCLQWLLPVLLIPKPLNPALWFSHSMFMGFYLLSFLLERKPCTICALVFLAALFLICYSCWGNCFLYHCSDSPLPESAHDPGVVGT
P80098,MKASAALLCLLLTAAAFSPQGLAQPVGINTSTTCCYRFINKKIPKQRLESYRRTTSSHCPREAVIFKTKLDKEICADPTQKWVQDFMKHLDKKTQTPKL
Q00LT1,MCTTLFLLSTLAMLWRRRFANRVQPEPSDVDGAARGSSLDADPQSSGREKEPLK
Q13794,MPGKKARKNAQPSPARAPAELEVECATQLRRFGDKLNFRQKLLNLISKLFCSGT
Q15836,MSTGPTAATGSNRRLQQTQNQVDEVVDIMRVNVDKVLERDQKLSELDDRADALQAGASQFETSAAKLKRKYWWKNCKMWAIGITVLVIFIIIIIVWVVSS
Q16627,MKISVAAIPFFLLITIALGTKTESSSRGPYHPSECCFTYTTYKIPRQRIMDYYETNSQCSKPGIVFITKRGHSVCTNPSDKWVQDYIKDMKEN
Q3MUY2,MFLSLPTLTVLIPLVSLAGLFYSASVEENFPQGCTSTASLCFYSLLLPITIPVYVFFHLWTWMGIKLFRHN
Q56P42,MASSAELDFNLQALLEQLSQDELSKFKSLIRTISLGKELQTVPQTEVDKANGKQLVEIFTSHSCSYWAGMAAIQVFEKMNQTHLSGRADEHCVMPPP
Q8NCU8,MADVSERTLQLSVLVAFASGVLLGWQANRLRRRYLDWRKRRLQDKLAATQKKLDLA
Q9NRX6,MTNVYSLDGILVFGLLFVCTCAYFKKVPRLKTWLLSEKKGVWGVFYKAAVIGTRLHAAVAIACVVMAFYVLFIK
Q9NYG5,MKVKIKCWNGVATWLWVANDENCGICRMAFNGCCPDCKVPGDDCPLVWGQCSHCFHMHCILKWLHAQQVQQHCPMCRQEWKFKE
A0A0B4J2F0,MFRRLTFAQLLFATVLGIAGGVYIFQPVFEQYAKDQKELKEKMQLVQESEEKKS
A8MT69,MEGAGAGSGFRKELVSRLLHLHFKDDKTKVSGDALQLMVELLKVFVVEAAVRGVRQAQAEDALRVDVDQLEKVLPQLLLDF
A8MTZ0,MLKAAAKRPELSGKNTISNNSDMAEVKSMFREVLPKQGPLFVEDIMTMVLCKPKLLPLKSLTLEKLEKMHQAAQNTIRQQEMAEKDQRQITH
L0R8F8,MAPWSREAVLSLYRALLRQGRQLRYTDRDFYFASIRREFRKNQKLEDAEARERQLEKGLVFLNGKLGRII
O43676,MAHEHGHEHGHHKMELPDYRQWKIEGTPLETIQKKLAAKGLRDPWGRNEAWRYMGGFAKSVSFSDVFFKGFKWGFAAFVVAVGAEYYLESLNKDKKHH
O43678,MAAAAASRGVGAKLGLREIRIHLCQRSPGSQGVRDFIEKRYVELKKANPDLPILIRECSDVQPKLWARYAFGQETNVPLNNFSADQVTRALENVLSGKA
O75324,MSIMDHSPTTGVVTVIVILIAIAALGALILGCWCYLRLQRISQSEDEESIVGDGETKEPFLLVQYSAKGPCVERKAKLMTPNGPEVHG
P15515,MKFFVFALVLALMISMISADSHEKRHHGYRRKFHEKHHSHREFPFYGDYGSNYLYDN
P15954,MLGQSIRRFTTSVVRRSHYEEGPGKNLPFSVENKWSLLAKMCLYFGSAFATPFLVVRHQLLKT
P25063,MGRAMVARLGLGLLLLALLLPTQIYSSETTTGTSSNSSQSTSNSGLAPNPTNATTKAAGGALQSTASLFVVSLSLLHLYS
P31358,MKRFLFLLLTISLLVMVQIQTGLSGQNDTSQTSSPSASSNISGGIFLFFVANAIIHLFCFS
P62273,MGHQQLYWSHPRKFGQGSRSCRVCSNRHGLIRKYGLNMCRQCFRQYAKDIGFIKLD
P62891,MSSHKTFRIKRFLAKKQKQNRPIPQWIRMKTGNKIRYNSKRRHWRRTKLGL
P63211,MPVINIEDLTEKDKLKMEVDQLKKEVTLERMLVSKCCEEVRDYVEERSGEDPLVKGIPEDKNPFKELKGGCVIS
Q08AG7,MASSSGAGAAAAAAAANLNAVRETMDVLLEISRILNTGLDMETLSICVRLCEQGINPEALSSVIKELRKATEALKAAENMTS
Q0VAQ4,MTSLLTTPSPREELMTTPILQPTEALSPEDGASTALIAVVITVVFLTLLSVVILIFFYLYKNKGSYVTYEPTEGEPSAIVQMESDLAKGSEKEEYFI
Q16612,MVYYPELFVWVSQEPFPNKDMEGRLPKGRLPVPKEVNRKKNDETNAASLTPLGSSELRSPRISYLHFF
Q5EE01,MALSTIVSQRKQIKRKAPRGFLKRVFKRKKPQLRLEKSGDLLVHLNCLLFVHRLAEESRTNACASKCRVINKEHVLAAAKVILKKSRG
Q5TGZ0,MSESELGRKWDRCLADAVVKIGTGFGLGIVFSLTFFKRRMWPLAFGSGMGLGMAYSNCQHDFQAPYLLHGKYVKEQEQ
Q6UWK7,MRLLVLSSLLCILLLCFSIFSTEGKRRPAKAWSGRRTRLCCHRVPSPNSTNLKGHHVRLCKPCKLEPEPRLWVVPGALPQV
Q8IUC3,MTRYFCCGSYFPGYPIYGTNFHGTFRATPLNCVVPLGSPLNYGCGCNGYSSLGYSFGGSNINNLGGCYGGSFYRPWGSGSGFGYSTY
Q8TF09,MAEVEETLKRIQSHKGVIGTMVVNAEGIPIRTTLDNSTTVQYAGLLHHLTMKAKSTVRDIDPQNDLTFLRIRSKKHEIMVAPDKEYLLIVIQNPCE
Q8WUW1,MAGQEDPVQREIHQDWANREYIEIITSSIKKIADFLNSFDMSCRSRLATLNEKLTALERRIEYIEARVTKGETLT
Q8WVX3,MEVDAPGVDGRDGLRERRGFSEGGRQNFDVRPQSGANGLPKHSYWLDLWLFILFDVVVFLFVYFLP
Q96DR8,MKFLAVLVLLGVSIFLVSAQNPTTAAPADTYPATGPADDEAPDAETTAAATTATTAAPTTATTAASTTARKDIPVLPKWVGDLPNGRVCP
Q96IX5,MAGPESDAQYQFTGIKKYFNSYTLTGRMNCVLATYGSIALIVLYFKLRSKKTPAVKAT
Q9BS18,MDSEVQRDGRILDLIDDAWREDKLPYEDVAIPLNELPEPEQDNGGTTESVKEQEMKWTDLALQYLHENVPPIGN
Q9NSA3,MNREGAPGKSPEEMYIQQKVRVLLMLRKMGSNLTASEEEFLRTYAGVVNSQLSQLPPHSIDQGAEDVVMAFSRSETEDRRQ
Q9Y333,MLFYSFFKSLVGKDVVVELKNDLSICGTLHSVDQYLNIKLTDISVTDPEKYPHMLSVKNCFIRGSVVRYVQLPADEVDTQLLQDAARKEALQQKQ
B2RUZ4,MQPQESHVHYSRWEDGSRDGVSLGAVSSTEEASRCRRISQRLCTGKLGIAMKVLGGVALFWIIFILGYLTGYYVHKCK
O00626,MDRLQTALLVVLVLLAVALQATEAGPYGANMEDSVCCRDYVRYRLPLRVVKHFYWTSDSCPRPGVVLLTFRDKEICADPRVPWVKMILNKLSQ
O15239,MWFEILPGLSVMGVCLLIPGLATAYIHRFTNGGKEKRVAHFGYHWSLMERDRRISGVDRYYVSKGLENID
O75556,MKLLMVLMLAALLLHCYADSGCKLLEDMVEKTINSDISIPEYKELLQEFIDSDAAAEAMGKFKQCFLNQSHRTLKNFGLMMHTVYDSIWCNMKSN
O94777,MATGTDQVVGLGLVAVSLIIFTYYTAWVILLPFIDSQHVIHKYFLPRAYAVAIPLAAGLLLLLFVGLFISYVMLKTKRVTKKAQ
P02652,MKLLAATVLLLTICSLEGALVRRQAKEPCVESLVSQYFQTVTDYGKDLMEKVKSPELQAEAKSYFEKSKEQLTPLIKKAGTELVNFLSYFVELGTQPATQ
P02778,MNQTAILICCLIFLTLSGIQGVPLSRTVRCTCISISNQPVNPRSLEKLEIIPASQFCPRVEIIATMKKKGEKRCLNPESKAIKNLLKAVSKERSKRSP
P02818,MRALTLLALLALAALCIAGQAGAKPSGAESSKGAAFVSKQEGSEVVKRPRRYLYQWLGAPVPYPDPLEPRREVCELNPDCDELADHIGFQEAYRRFYGPV
P07919,MGLEDEQKMLTESGDPEEEEEEEEELVDPLTTVREQCEQLEKCVKARERLELCDERVSSRSHTEEDCTEELFDFLHARDHCVAHKLFNNLK
P09430,MSTSRKLKSHGMRRSKSRSPHKGVKRGGSKRKYRKGNLKSRKRGDDANRNYRSHL
P14406,MLRNLLALRQIGQRTISTASRRHFKNKVPEKQKLFQEDDEIPLYLKGGVADALLYRATMILTVGGTAYAIYELAVASFPKKQE
P22362,MQIITTALVCLLLAGMWPEDVDSKSMQVPFSRCCFSFAEQEIPLRAILCYRNTSSICSNEGLIFKLKRGKEACALDTVGWVQRHRKMLRHCPSKRK
P50150,MKEGMSNNSTTSISQARKAVEQLKMEACMDRVKVSQAAADLLAYCEAHVREDPLIIPVPASENPFREKKFFCTIL
P60328,MCHTSCSPACQPTCCIHSPCQASCYVPVSCQSSVCMPVSCTRIVCVAPSCQPSVCVPVSCRPIIYVTPSCQSSGCCQPPCTTALCRPISCSTPSCC
P61925,MTDVETTYADFIASGRTGRRNAIHDILVSSASGNSNELALKLAGLDINKTEGEEDAQRSSTEQSGEAQGEAAKSES
